Day of Week Ending,Lineage Bin,Modeltype,Usa Or Hhsregion,Variant,95CI,Share
8-May-21,VOC,weighted,USA,B.1.617.2,1.3-2.0%,0.016575636
15-May-21,VOC,weighted,USA,B.1.617.2,1.9-3.0%,0.02394429
22-May-21,VOC,weighted,USA,B.1.617.2,3.1-4.9%,0.039652746
29-May-21,VOC,weighted,USA,B.1.617.2,5.8-9.2%,0.073951282
5-Jun-21,VOC,weighted,USA,B.1.617.2,11.5-18.4%,0.146994054
12-Jun-21,VOC,weighted,USA,B.1.617.2,22.0-30.7%,0.261992753
19-Jun-21,VOC,weighted,USA,B.1.617.2,32.7-42.6%,0.375382245
26-Jun-21,VOC,weighted,USA,B.1.617.2,50.1-59.7%,0.549516797
3-Jul-21,VOC,weighted,USA,B.1.617.2,67.2-73.2%,0.702498972
10-Jul-21,VOC,weighted,USA,B.1.617.2,80.2-84.1%,0.822128713
17-Jul-21,VOC,weighted,USA,B.1.617.2,86.5-89.6%,0.881061316
24-Jul-21,VOC,weighted,USA,B.1.617.2,93.8-95.1%,0.944871068
31-Jul-21,VOC,weighted,USA,B.1.617.2,95.9-97.1%,0.965634227
7-Aug-21,VOC,weighted,USA,B.1.617.2,96.4-97.9%,0.972115934
14-Aug-21,VOC,weighted,USA,B.1.617.2,98.5-99.1%,0.987930596
21-Aug-21,VOC,weighted,USA,B.1.617.2,98.6-99.3%,0.989594758
28-Aug-21,VOC,weighted,USA,B.1.617.2,97.8-99.1%,0.985537767
4-Sep-21,VOC,weighted,USA,B.1.617.2,98.8-99.5%,0.991958022
11-Sep-21,VOC,weighted,USA,B.1.617.2,99.0-99.6%,0.993095875
18-Sep-21,VOC,weighted,USA,B.1.617.2,98.8-99.5%,0.991693914
25-Sep-21,VOC,weighted,USA,B.1.617.2,98.9-99.5%,0.99269408
2-Oct-21,VOC,weighted,USA,B.1.617.2,98.9-99.5%,0.99279213
9-Oct-21,VOC,weighted,USA,B.1.617.2,98.9-99.4%,0.992027044
16-Oct-21,VOC,weighted,USA,B.1.617.2,98.8-99.5%,0.991958976
23-Oct-21,VOC,weighted,USA,B.1.617.2,98.6-99.4%,0.990470111
30-Oct-21,VOC,weighted,USA,B.1.617.2,98.9-99.5%,0.992466629
6-Nov-21,VOC,weighted,USA,B.1.617.2,98.1-99.1%,0.987137258
13-Nov-21,VOC,weighted,USA,B.1.617.2,98.1-99.1%,0.986273289
20-Nov-21,VOC,weighted,USA,B.1.617.2,97.8-98.9%,0.983987331
27-Nov-21,VOC,weighted,USA,B.1.617.2,98.6-99.4%,0.990595758
4-Dec-21,VOC,weighted,USA,B.1.617.2,98.8-99.5%,0.991820872
11-Dec-21,VOC,weighted,USA,B.1.617.2,88.1-94.5%,0.917343795
18-Dec-21,VOC,weighted,USA,B.1.617.2,54.8-68.0%,0.615537226
8-May-21,VOC,weighted,USA,B.1.1.529,NA,0
15-May-21,VOC,weighted,USA,B.1.1.529,NA,0
22-May-21,VOC,weighted,USA,B.1.1.529,NA,0
29-May-21,VOC,weighted,USA,B.1.1.529,NA,0
5-Jun-21,VOC,weighted,USA,B.1.1.529,NA,0
12-Jun-21,VOC,weighted,USA,B.1.1.529,NA,0
19-Jun-21,VOC,weighted,USA,B.1.1.529,NA,0
26-Jun-21,VOC,weighted,USA,B.1.1.529,NA,0
3-Jul-21,VOC,weighted,USA,B.1.1.529,NA,0
10-Jul-21,VOC,weighted,USA,B.1.1.529,NA,0
17-Jul-21,VOC,weighted,USA,B.1.1.529,NA,0
24-Jul-21,VOC,weighted,USA,B.1.1.529,NA,0
31-Jul-21,VOC,weighted,USA,B.1.1.529,NA,0
7-Aug-21,VOC,weighted,USA,B.1.1.529,NA,0
14-Aug-21,VOC,weighted,USA,B.1.1.529,NA,0
21-Aug-21,VOC,weighted,USA,B.1.1.529,NA,0
28-Aug-21,VOC,weighted,USA,B.1.1.529,NA,0
4-Sep-21,VOC,weighted,USA,B.1.1.529,NA,0
11-Sep-21,VOC,weighted,USA,B.1.1.529,NA,0
18-Sep-21,VOC,weighted,USA,B.1.1.529,NA,0
25-Sep-21,VOC,weighted,USA,B.1.1.529,NA,0
2-Oct-21,VOC,weighted,USA,B.1.1.529,NA,0
9-Oct-21,VOC,weighted,USA,B.1.1.529,NA,0
16-Oct-21,VOC,weighted,USA,B.1.1.529,NA,0
23-Oct-21,VOC,weighted,USA,B.1.1.529,NA,0
30-Oct-21,VOC,weighted,USA,B.1.1.529,NA,0
6-Nov-21,VOC,weighted,USA,B.1.1.529,NA,0
13-Nov-21,VOC,weighted,USA,B.1.1.529,NA,0
20-Nov-21,VOC,weighted,USA,B.1.1.529,NA,0
27-Nov-21,VOC,weighted,USA,B.1.1.529,0.0-0.2%,0.000659832
4-Dec-21,VOC,weighted,USA,B.1.1.529,0.4-0.9%,0.006203702
11-Dec-21,VOC,weighted,USA,B.1.1.529,5.3-11.5%,0.079805143
18-Dec-21,VOC,weighted,USA,B.1.1.529,31.4-44.7%,0.378847569
8-May-21,VOC,weighted,1,B.1.617.2,1.1-2.1%,0.015214372
15-May-21,VOC,weighted,1,B.1.617.2,1.4-3.9%,0.024371209
22-May-21,VOC,weighted,1,B.1.617.2,3.0-6.5%,0.045003485
29-May-21,VOC,weighted,1,B.1.617.2,4.1-9.3%,0.063431226
5-Jun-21,VOC,weighted,1,B.1.617.2,3.8-13.7%,0.077421769
12-Jun-21,VOC,weighted,1,B.1.617.2,2.8-8.4%,0.051213358
19-Jun-21,VOC,weighted,1,B.1.617.2,17.4-31.0%,0.237235934
26-Jun-21,VOC,weighted,1,B.1.617.2,25.8-46.1%,0.354827613
3-Jul-21,VOC,weighted,1,B.1.617.2,42.0-58.8%,0.503963292
10-Jul-21,VOC,weighted,1,B.1.617.2,72.3-83.3%,0.781786501
17-Jul-21,VOC,weighted,1,B.1.617.2,89.3-93.8%,0.91772151
24-Jul-21,VOC,weighted,1,B.1.617.2,94.2-97.0%,0.95763886
31-Jul-21,VOC,weighted,1,B.1.617.2,94.8-97.0%,0.960193038
7-Aug-21,VOC,weighted,1,B.1.617.2,96.8-98.3%,0.976610959
14-Aug-21,VOC,weighted,1,B.1.617.2,97.8-99.1%,0.985667765
21-Aug-21,VOC,weighted,1,B.1.617.2,97.8-99.4%,0.987435102
28-Aug-21,VOC,weighted,1,B.1.617.2,98.4-99.7%,0.991995096
4-Sep-21,VOC,weighted,1,B.1.617.2,99.1-99.9%,0.996100545
11-Sep-21,VOC,weighted,1,B.1.617.2,99.7-99.9%,0.998263478
18-Sep-21,VOC,weighted,1,B.1.617.2,99.6-100.0%,0.998541951
25-Sep-21,VOC,weighted,1,B.1.617.2,98.8-100.0%,0.997049749
2-Oct-21,VOC,weighted,1,B.1.617.2,99.2-100.0%,0.997524023
9-Oct-21,VOC,weighted,1,B.1.617.2,98.8-100.0%,0.99712646
16-Oct-21,VOC,weighted,1,B.1.617.2,99.3-100.0%,0.997727275
23-Oct-21,VOC,weighted,1,B.1.617.2,98.4-100.0%,0.996363878
30-Oct-21,VOC,weighted,1,B.1.617.2,97.9-99.9%,0.993580222
6-Nov-21,VOC,weighted,1,B.1.617.2,98.9-100.0%,0.997146785
13-Nov-21,VOC,weighted,1,B.1.617.2,97.7-99.9%,0.992815077
20-Nov-21,VOC,weighted,1,B.1.617.2,97.5-99.9%,0.992426872
27-Nov-21,VOC,weighted,1,B.1.617.2,98.4-99.9%,0.995003223
4-Dec-21,VOC,weighted,1,B.1.617.2,99.3-99.8%,0.996083796
11-Dec-21,VOC,weighted,1,B.1.617.2,97.7-98.8%,0.983215332
18-Dec-21,VOC,weighted,1,B.1.617.2,85.1-91.8%,0.887369931
8-May-21,VOC,weighted,1,B.1.1.529,NA,0
15-May-21,VOC,weighted,1,B.1.1.529,NA,0
22-May-21,VOC,weighted,1,B.1.1.529,NA,0
29-May-21,VOC,weighted,1,B.1.1.529,NA,0
5-Jun-21,VOC,weighted,1,B.1.1.529,NA,0
12-Jun-21,VOC,weighted,1,B.1.1.529,NA,0
19-Jun-21,VOC,weighted,1,B.1.1.529,NA,0
26-Jun-21,VOC,weighted,1,B.1.1.529,NA,0
3-Jul-21,VOC,weighted,1,B.1.1.529,NA,0
10-Jul-21,VOC,weighted,1,B.1.1.529,NA,0
17-Jul-21,VOC,weighted,1,B.1.1.529,NA,0
24-Jul-21,VOC,weighted,1,B.1.1.529,NA,0
31-Jul-21,VOC,weighted,1,B.1.1.529,NA,0
7-Aug-21,VOC,weighted,1,B.1.1.529,NA,0
14-Aug-21,VOC,weighted,1,B.1.1.529,NA,0
21-Aug-21,VOC,weighted,1,B.1.1.529,NA,0
28-Aug-21,VOC,weighted,1,B.1.1.529,NA,0
4-Sep-21,VOC,weighted,1,B.1.1.529,NA,0
11-Sep-21,VOC,weighted,1,B.1.1.529,NA,0
18-Sep-21,VOC,weighted,1,B.1.1.529,NA,0
25-Sep-21,VOC,weighted,1,B.1.1.529,NA,0
2-Oct-21,VOC,weighted,1,B.1.1.529,NA,0
9-Oct-21,VOC,weighted,1,B.1.1.529,NA,0
16-Oct-21,VOC,weighted,1,B.1.1.529,NA,0
23-Oct-21,VOC,weighted,1,B.1.1.529,NA,0
30-Oct-21,VOC,weighted,1,B.1.1.529,NA,0
6-Nov-21,VOC,weighted,1,B.1.1.529,NA,0
13-Nov-21,VOC,weighted,1,B.1.1.529,NA,0
20-Nov-21,VOC,weighted,1,B.1.1.529,NA,0
27-Nov-21,VOC,weighted,1,B.1.1.529,0.0-0.1%,0.000186345
4-Dec-21,VOC,weighted,1,B.1.1.529,0.2-0.5%,0.003104014
11-Dec-21,VOC,weighted,1,B.1.1.529,1.1-2.2%,0.015847987
18-Dec-21,VOC,weighted,1,B.1.1.529,7.5-14.3%,0.105418846
8-May-21,VOC,weighted,2,B.1.617.2,0.9-3.3%,0.018422527
15-May-21,VOC,weighted,2,B.1.617.2,1.5-5.9%,0.032258432
22-May-21,VOC,weighted,2,B.1.617.2,1.3-8.3%,0.037491079
29-May-21,VOC,weighted,2,B.1.617.2,1.8-16.9%,0.068468928
5-Jun-21,VOC,weighted,2,B.1.617.2,5.3-28.6%,0.141906574
12-Jun-21,VOC,weighted,2,B.1.617.2,19.9-36.0%,0.273963869
19-Jun-21,VOC,weighted,2,B.1.617.2,28.9-48.6%,0.384270996
26-Jun-21,VOC,weighted,2,B.1.617.2,42.3-71.2%,0.571823418
3-Jul-21,VOC,weighted,2,B.1.617.2,61.0-80.5%,0.714816689
10-Jul-21,VOC,weighted,2,B.1.617.2,70.9-90.3%,0.820649743
17-Jul-21,VOC,weighted,2,B.1.617.2,81.2-90.1%,0.860844672
24-Jul-21,VOC,weighted,2,B.1.617.2,93.9-96.1%,0.951174557
31-Jul-21,VOC,weighted,2,B.1.617.2,95.4-98.3%,0.970764697
7-Aug-21,VOC,weighted,2,B.1.617.2,96.8-98.6%,0.978555918
14-Aug-21,VOC,weighted,2,B.1.617.2,98.2-99.6%,0.990746617
21-Aug-21,VOC,weighted,2,B.1.617.2,98.9-99.7%,0.993891537
28-Aug-21,VOC,weighted,2,B.1.617.2,95.5-99.5%,0.981575608
4-Sep-21,VOC,weighted,2,B.1.617.2,97.3-99.7%,0.989084244
11-Sep-21,VOC,weighted,2,B.1.617.2,99.3-99.9%,0.997181475
18-Sep-21,VOC,weighted,2,B.1.617.2,97.1-99.9%,0.991354883
25-Sep-21,VOC,weighted,2,B.1.617.2,99.3-99.9%,0.996891439
2-Oct-21,VOC,weighted,2,B.1.617.2,97.3-99.8%,0.990636945
9-Oct-21,VOC,weighted,2,B.1.617.2,97.9-99.9%,0.993063986
16-Oct-21,VOC,weighted,2,B.1.617.2,99.2-99.9%,0.996587753
23-Oct-21,VOC,weighted,2,B.1.617.2,98.1-99.9%,0.993974626
30-Oct-21,VOC,weighted,2,B.1.617.2,97.9-99.9%,0.993483186
6-Nov-21,VOC,weighted,2,B.1.617.2,95.8-99.6%,0.983369589
13-Nov-21,VOC,weighted,2,B.1.617.2,96.7-99.6%,0.986172616
20-Nov-21,VOC,weighted,2,B.1.617.2,95.1-99.4%,0.980044901
27-Nov-21,VOC,weighted,2,B.1.617.2,95.3-99.5%,0.981586516
4-Dec-21,VOC,weighted,2,B.1.617.2,95.0-99.0%,0.975705564
11-Dec-21,VOC,weighted,2,B.1.617.2,59.8-91.6%,0.787669301
18-Dec-21,VOC,weighted,2,B.1.617.2,30.9-65.2%,0.47895062
8-May-21,VOC,weighted,2,B.1.1.529,NA,0
15-May-21,VOC,weighted,2,B.1.1.529,NA,0
22-May-21,VOC,weighted,2,B.1.1.529,NA,0
29-May-21,VOC,weighted,2,B.1.1.529,NA,0
5-Jun-21,VOC,weighted,2,B.1.1.529,NA,0
12-Jun-21,VOC,weighted,2,B.1.1.529,NA,0
19-Jun-21,VOC,weighted,2,B.1.1.529,NA,0
26-Jun-21,VOC,weighted,2,B.1.1.529,NA,0
3-Jul-21,VOC,weighted,2,B.1.1.529,NA,0
10-Jul-21,VOC,weighted,2,B.1.1.529,NA,0
17-Jul-21,VOC,weighted,2,B.1.1.529,NA,0
24-Jul-21,VOC,weighted,2,B.1.1.529,NA,0
31-Jul-21,VOC,weighted,2,B.1.1.529,NA,0
7-Aug-21,VOC,weighted,2,B.1.1.529,NA,0
14-Aug-21,VOC,weighted,2,B.1.1.529,NA,0
21-Aug-21,VOC,weighted,2,B.1.1.529,NA,0
28-Aug-21,VOC,weighted,2,B.1.1.529,NA,0
4-Sep-21,VOC,weighted,2,B.1.1.529,NA,0
11-Sep-21,VOC,weighted,2,B.1.1.529,NA,0
18-Sep-21,VOC,weighted,2,B.1.1.529,NA,0
25-Sep-21,VOC,weighted,2,B.1.1.529,NA,0
2-Oct-21,VOC,weighted,2,B.1.1.529,NA,0
9-Oct-21,VOC,weighted,2,B.1.1.529,NA,0
16-Oct-21,VOC,weighted,2,B.1.1.529,NA,0
23-Oct-21,VOC,weighted,2,B.1.1.529,NA,0
30-Oct-21,VOC,weighted,2,B.1.1.529,NA,0
6-Nov-21,VOC,weighted,2,B.1.1.529,NA,0
13-Nov-21,VOC,weighted,2,B.1.1.529,NA,0
20-Nov-21,VOC,weighted,2,B.1.1.529,NA,0
27-Nov-21,VOC,weighted,2,B.1.1.529,0.0-0.6%,0.0018971
4-Dec-21,VOC,weighted,2,B.1.1.529,0.9-4.1%,0.021365874
11-Dec-21,VOC,weighted,2,B.1.1.529,7.8-38.9%,0.202253297
18-Dec-21,VOC,weighted,2,B.1.1.529,34.2-68.7%,0.515844524
8-May-21,VOC,weighted,3,B.1.617.2,0.3-1.3%,0.006818544
15-May-21,VOC,weighted,3,B.1.617.2,0.4-2.0%,0.010144742
22-May-21,VOC,weighted,3,B.1.617.2,1.2-3.7%,0.021705354
29-May-21,VOC,weighted,3,B.1.617.2,1.0-4.4%,0.022919286
5-Jun-21,VOC,weighted,3,B.1.617.2,3.0-9.1%,0.054871783
12-Jun-21,VOC,weighted,3,B.1.617.2,4.6-13.8%,0.083518766
19-Jun-21,VOC,weighted,3,B.1.617.2,9.5-25.7%,0.164602548
26-Jun-21,VOC,weighted,3,B.1.617.2,22.4-74.3%,0.479756981
3-Jul-21,VOC,weighted,3,B.1.617.2,50.3-68.5%,0.596634269
10-Jul-21,VOC,weighted,3,B.1.617.2,61.9-77.3%,0.700204372
17-Jul-21,VOC,weighted,3,B.1.617.2,80.1-88.4%,0.845745265
24-Jul-21,VOC,weighted,3,B.1.617.2,90.5-95.3%,0.931922197
31-Jul-21,VOC,weighted,3,B.1.617.2,97.0-98.3%,0.97708261
7-Aug-21,VOC,weighted,3,B.1.617.2,97.2-99.0%,0.983061552
14-Aug-21,VOC,weighted,3,B.1.617.2,98.5-99.5%,0.99078095
21-Aug-21,VOC,weighted,3,B.1.617.2,98.8-99.8%,0.994083405
28-Aug-21,VOC,weighted,3,B.1.617.2,98.7-99.7%,0.99363625
4-Sep-21,VOC,weighted,3,B.1.617.2,99.3-99.9%,0.997073412
11-Sep-21,VOC,weighted,3,B.1.617.2,99.5-99.9%,0.997375309
18-Sep-21,VOC,weighted,3,B.1.617.2,99.3-99.9%,0.997033656
25-Sep-21,VOC,weighted,3,B.1.617.2,98.7-99.8%,0.994881153
2-Oct-21,VOC,weighted,3,B.1.617.2,98.7-99.9%,0.995070398
9-Oct-21,VOC,weighted,3,B.1.617.2,98.7-99.8%,0.994663239
16-Oct-21,VOC,weighted,3,B.1.617.2,98.6-99.8%,0.99358207
23-Oct-21,VOC,weighted,3,B.1.617.2,98.1-99.8%,0.992659509
30-Oct-21,VOC,weighted,3,B.1.617.2,98.7-99.9%,0.994784057
6-Nov-21,VOC,weighted,3,B.1.617.2,96.3-99.6%,0.985848248
13-Nov-21,VOC,weighted,3,B.1.617.2,97.4-99.7%,0.989676058
20-Nov-21,VOC,weighted,3,B.1.617.2,96.3-99.6%,0.98585856
27-Nov-21,VOC,weighted,3,B.1.617.2,96.7-99.8%,0.989337623
4-Dec-21,VOC,weighted,3,B.1.617.2,97.7-99.6%,0.989442408
11-Dec-21,VOC,weighted,3,B.1.617.2,93.2-97.9%,0.96007669
18-Dec-21,VOC,weighted,3,B.1.617.2,55.8-82.1%,0.701414585
8-May-21,VOC,weighted,3,B.1.1.529,NA,0
15-May-21,VOC,weighted,3,B.1.1.529,NA,0
22-May-21,VOC,weighted,3,B.1.1.529,NA,0
29-May-21,VOC,weighted,3,B.1.1.529,NA,0
5-Jun-21,VOC,weighted,3,B.1.1.529,NA,0
12-Jun-21,VOC,weighted,3,B.1.1.529,NA,0
19-Jun-21,VOC,weighted,3,B.1.1.529,NA,0
26-Jun-21,VOC,weighted,3,B.1.1.529,NA,0
3-Jul-21,VOC,weighted,3,B.1.1.529,NA,0
10-Jul-21,VOC,weighted,3,B.1.1.529,NA,0
17-Jul-21,VOC,weighted,3,B.1.1.529,NA,0
24-Jul-21,VOC,weighted,3,B.1.1.529,NA,0
31-Jul-21,VOC,weighted,3,B.1.1.529,NA,0
7-Aug-21,VOC,weighted,3,B.1.1.529,NA,0
14-Aug-21,VOC,weighted,3,B.1.1.529,NA,0
21-Aug-21,VOC,weighted,3,B.1.1.529,NA,0
28-Aug-21,VOC,weighted,3,B.1.1.529,NA,0
4-Sep-21,VOC,weighted,3,B.1.1.529,NA,0
11-Sep-21,VOC,weighted,3,B.1.1.529,NA,0
18-Sep-21,VOC,weighted,3,B.1.1.529,NA,0
25-Sep-21,VOC,weighted,3,B.1.1.529,NA,0
2-Oct-21,VOC,weighted,3,B.1.1.529,NA,0
9-Oct-21,VOC,weighted,3,B.1.1.529,NA,0
16-Oct-21,VOC,weighted,3,B.1.1.529,NA,0
23-Oct-21,VOC,weighted,3,B.1.1.529,NA,0
30-Oct-21,VOC,weighted,3,B.1.1.529,NA,0
6-Nov-21,VOC,weighted,3,B.1.1.529,NA,0
13-Nov-21,VOC,weighted,3,B.1.1.529,NA,0
20-Nov-21,VOC,weighted,3,B.1.1.529,NA,0
27-Nov-21,VOC,weighted,3,B.1.1.529,0.0-0.3%,0.000811223
4-Dec-21,VOC,weighted,3,B.1.1.529,0.3-1.7%,0.00755812
11-Dec-21,VOC,weighted,3,B.1.1.529,2.0-6.5%,0.038140353
18-Dec-21,VOC,weighted,3,B.1.1.529,17.4-43.9%,0.293875962
8-May-21,VOC,weighted,4,B.1.617.2,1.1-2.7%,0.017900217
15-May-21,VOC,weighted,4,B.1.617.2,0.6-2.7%,0.013657448
22-May-21,VOC,weighted,4,B.1.617.2,1.2-3.5%,0.021538658
29-May-21,VOC,weighted,4,B.1.617.2,1.7-4.6%,0.028776251
5-Jun-21,VOC,weighted,4,B.1.617.2,3.8-8.9%,0.05961138
12-Jun-21,VOC,weighted,4,B.1.617.2,12.3-21.4%,0.164742664
19-Jun-21,VOC,weighted,4,B.1.617.2,21.2-29.9%,0.253847957
26-Jun-21,VOC,weighted,4,B.1.617.2,38.3-47.1%,0.426263541
3-Jul-21,VOC,weighted,4,B.1.617.2,58.9-69.1%,0.640971005
10-Jul-21,VOC,weighted,4,B.1.617.2,74.1-82.2%,0.78347075
17-Jul-21,VOC,weighted,4,B.1.617.2,83.2-89.6%,0.866270959
24-Jul-21,VOC,weighted,4,B.1.617.2,92.2-95.0%,0.937029123
31-Jul-21,VOC,weighted,4,B.1.617.2,94.3-97.2%,0.959742129
7-Aug-21,VOC,weighted,4,B.1.617.2,94.8-97.9%,0.965893149
14-Aug-21,VOC,weighted,4,B.1.617.2,97.6-99.1%,0.9849962
21-Aug-21,VOC,weighted,4,B.1.617.2,97.5-99.4%,0.986479402
28-Aug-21,VOC,weighted,4,B.1.617.2,97.1-99.3%,0.984784007
4-Sep-21,VOC,weighted,4,B.1.617.2,98.0-99.5%,0.989273906
11-Sep-21,VOC,weighted,4,B.1.617.2,98.2-99.6%,0.990991414
18-Sep-21,VOC,weighted,4,B.1.617.2,97.7-99.4%,0.987591505
25-Sep-21,VOC,weighted,4,B.1.617.2,98.1-99.4%,0.988543153
2-Oct-21,VOC,weighted,4,B.1.617.2,98.2-99.5%,0.989908159
9-Oct-21,VOC,weighted,4,B.1.617.2,98.0-99.4%,0.98808825
16-Oct-21,VOC,weighted,4,B.1.617.2,98.0-99.7%,0.991079152
23-Oct-21,VOC,weighted,4,B.1.617.2,96.9-99.3%,0.984202921
30-Oct-21,VOC,weighted,4,B.1.617.2,97.5-99.5%,0.987430811
6-Nov-21,VOC,weighted,4,B.1.617.2,95.9-98.9%,0.977317214
13-Nov-21,VOC,weighted,4,B.1.617.2,96.8-99.1%,0.982056916
20-Nov-21,VOC,weighted,4,B.1.617.2,95.9-99.1%,0.979207873
27-Nov-21,VOC,weighted,4,B.1.617.2,97.9-99.6%,0.990260005
4-Dec-21,VOC,weighted,4,B.1.617.2,97.5-99.4%,0.987296939
11-Dec-21,VOC,weighted,4,B.1.617.2,77.8-93.4%,0.870314479
18-Dec-21,VOC,weighted,4,B.1.617.2,32.1-68.1%,0.501266241
8-May-21,VOC,weighted,4,B.1.1.529,NA,0
15-May-21,VOC,weighted,4,B.1.1.529,NA,0
22-May-21,VOC,weighted,4,B.1.1.529,NA,0
29-May-21,VOC,weighted,4,B.1.1.529,NA,0
5-Jun-21,VOC,weighted,4,B.1.1.529,NA,0
12-Jun-21,VOC,weighted,4,B.1.1.529,NA,0
19-Jun-21,VOC,weighted,4,B.1.1.529,NA,0
26-Jun-21,VOC,weighted,4,B.1.1.529,NA,0
3-Jul-21,VOC,weighted,4,B.1.1.529,NA,0
10-Jul-21,VOC,weighted,4,B.1.1.529,NA,0
17-Jul-21,VOC,weighted,4,B.1.1.529,NA,0
24-Jul-21,VOC,weighted,4,B.1.1.529,NA,0
31-Jul-21,VOC,weighted,4,B.1.1.529,NA,0
7-Aug-21,VOC,weighted,4,B.1.1.529,NA,0
14-Aug-21,VOC,weighted,4,B.1.1.529,NA,0
21-Aug-21,VOC,weighted,4,B.1.1.529,NA,0
28-Aug-21,VOC,weighted,4,B.1.1.529,NA,0
4-Sep-21,VOC,weighted,4,B.1.1.529,NA,0
11-Sep-21,VOC,weighted,4,B.1.1.529,NA,0
18-Sep-21,VOC,weighted,4,B.1.1.529,NA,0
25-Sep-21,VOC,weighted,4,B.1.1.529,NA,0
2-Oct-21,VOC,weighted,4,B.1.1.529,NA,0
9-Oct-21,VOC,weighted,4,B.1.1.529,NA,0
16-Oct-21,VOC,weighted,4,B.1.1.529,NA,0
23-Oct-21,VOC,weighted,4,B.1.1.529,NA,0
30-Oct-21,VOC,weighted,4,B.1.1.529,NA,0
6-Nov-21,VOC,weighted,4,B.1.1.529,NA,0
13-Nov-21,VOC,weighted,4,B.1.1.529,NA,0
20-Nov-21,VOC,weighted,4,B.1.1.529,NA,0
27-Nov-21,VOC,weighted,4,B.1.1.529,NA,0
4-Dec-21,VOC,weighted,4,B.1.1.529,0.4-1.8%,0.009179506
11-Dec-21,VOC,weighted,4,B.1.1.529,6.5-22.1%,0.12901561
18-Dec-21,VOC,weighted,4,B.1.1.529,31.2-67.6%,0.493353337
8-May-21,VOC,weighted,5,B.1.617.2,0.6-1.5%,0.009358808
15-May-21,VOC,weighted,5,B.1.617.2,0.9-2.7%,0.016531756
22-May-21,VOC,weighted,5,B.1.617.2,1.5-4.8%,0.028219504
29-May-21,VOC,weighted,5,B.1.617.2,2.7-9.0%,0.051934671
5-Jun-21,VOC,weighted,5,B.1.617.2,4.6-16.5%,0.093744352
12-Jun-21,VOC,weighted,5,B.1.617.2,14.2-24.3%,0.188455969
19-Jun-21,VOC,weighted,5,B.1.617.2,22.8-41.0%,0.314009517
26-Jun-21,VOC,weighted,5,B.1.617.2,40.7-60.8%,0.507737756
3-Jul-21,VOC,weighted,5,B.1.617.2,60.8-72.7%,0.669267476
10-Jul-21,VOC,weighted,5,B.1.617.2,82.9-88.8%,0.860476553
17-Jul-21,VOC,weighted,5,B.1.617.2,86.2-92.5%,0.896985829
24-Jul-21,VOC,weighted,5,B.1.617.2,93.3-96.6%,0.95169282
31-Jul-21,VOC,weighted,5,B.1.617.2,96.6-98.0%,0.973854125
7-Aug-21,VOC,weighted,5,B.1.617.2,97.4-98.8%,0.98211956
14-Aug-21,VOC,weighted,5,B.1.617.2,98.6-99.5%,0.991633594
21-Aug-21,VOC,weighted,5,B.1.617.2,98.5-99.7%,0.992735982
28-Aug-21,VOC,weighted,5,B.1.617.2,97.6-99.4%,0.986998677
4-Sep-21,VOC,weighted,5,B.1.617.2,98.8-99.7%,0.993628979
11-Sep-21,VOC,weighted,5,B.1.617.2,98.8-99.7%,0.993117094
18-Sep-21,VOC,weighted,5,B.1.617.2,98.6-99.6%,0.992228568
25-Sep-21,VOC,weighted,5,B.1.617.2,98.8-99.7%,0.994011283
2-Oct-21,VOC,weighted,5,B.1.617.2,98.7-99.5%,0.991829813
9-Oct-21,VOC,weighted,5,B.1.617.2,98.8-99.6%,0.992564976
16-Oct-21,VOC,weighted,5,B.1.617.2,98.7-99.7%,0.992802262
23-Oct-21,VOC,weighted,5,B.1.617.2,98.2-99.5%,0.990169942
30-Oct-21,VOC,weighted,5,B.1.617.2,98.6-99.7%,0.993204772
6-Nov-21,VOC,weighted,5,B.1.617.2,97.4-99.4%,0.986659825
13-Nov-21,VOC,weighted,5,B.1.617.2,97.0-99.3%,0.984307289
20-Nov-21,VOC,weighted,5,B.1.617.2,96.7-99.1%,0.982177317
27-Nov-21,VOC,weighted,5,B.1.617.2,97.9-99.7%,0.991433442
4-Dec-21,VOC,weighted,5,B.1.617.2,98.7-99.8%,0.994230866
11-Dec-21,VOC,weighted,5,B.1.617.2,89.2-96.9%,0.938111067
18-Dec-21,VOC,weighted,5,B.1.617.2,57.4-81.7%,0.70627594
8-May-21,VOC,weighted,5,B.1.1.529,NA,0
15-May-21,VOC,weighted,5,B.1.1.529,NA,0
22-May-21,VOC,weighted,5,B.1.1.529,NA,0
29-May-21,VOC,weighted,5,B.1.1.529,NA,0
5-Jun-21,VOC,weighted,5,B.1.1.529,NA,0
12-Jun-21,VOC,weighted,5,B.1.1.529,NA,0
19-Jun-21,VOC,weighted,5,B.1.1.529,NA,0
26-Jun-21,VOC,weighted,5,B.1.1.529,NA,0
3-Jul-21,VOC,weighted,5,B.1.1.529,NA,0
10-Jul-21,VOC,weighted,5,B.1.1.529,NA,0
17-Jul-21,VOC,weighted,5,B.1.1.529,NA,0
24-Jul-21,VOC,weighted,5,B.1.1.529,NA,0
31-Jul-21,VOC,weighted,5,B.1.1.529,NA,0
7-Aug-21,VOC,weighted,5,B.1.1.529,NA,0
14-Aug-21,VOC,weighted,5,B.1.1.529,NA,0
21-Aug-21,VOC,weighted,5,B.1.1.529,NA,0
28-Aug-21,VOC,weighted,5,B.1.1.529,NA,0
4-Sep-21,VOC,weighted,5,B.1.1.529,NA,0
11-Sep-21,VOC,weighted,5,B.1.1.529,NA,0
18-Sep-21,VOC,weighted,5,B.1.1.529,NA,0
25-Sep-21,VOC,weighted,5,B.1.1.529,NA,0
2-Oct-21,VOC,weighted,5,B.1.1.529,NA,0
9-Oct-21,VOC,weighted,5,B.1.1.529,NA,0
16-Oct-21,VOC,weighted,5,B.1.1.529,NA,0
23-Oct-21,VOC,weighted,5,B.1.1.529,NA,0
30-Oct-21,VOC,weighted,5,B.1.1.529,NA,0
6-Nov-21,VOC,weighted,5,B.1.1.529,NA,0
13-Nov-21,VOC,weighted,5,B.1.1.529,NA,0
20-Nov-21,VOC,weighted,5,B.1.1.529,NA,0
27-Nov-21,VOC,weighted,5,B.1.1.529,0.0-0.1%,0.000219384
4-Dec-21,VOC,weighted,5,B.1.1.529,0.1-0.8%,0.003440586
11-Dec-21,VOC,weighted,5,B.1.1.529,2.9-10.2%,0.057912849
18-Dec-21,VOC,weighted,5,B.1.1.529,17.5-41.9%,0.285704076
8-May-21,VOC,weighted,6,B.1.617.2,1.3-3.7%,0.022897584
15-May-21,VOC,weighted,6,B.1.617.2,1.7-4.5%,0.028801994
22-May-21,VOC,weighted,6,B.1.617.2,3.7-8.2%,0.056642447
29-May-21,VOC,weighted,6,B.1.617.2,5.5-10.8%,0.078356482
5-Jun-21,VOC,weighted,6,B.1.617.2,15.0-22.9%,0.187084928
12-Jun-21,VOC,weighted,6,B.1.617.2,21.2-37.5%,0.288575679
19-Jun-21,VOC,weighted,6,B.1.617.2,29.7-47.1%,0.381133586
26-Jun-21,VOC,weighted,6,B.1.617.2,49.0-59.6%,0.54352504
3-Jul-21,VOC,weighted,6,B.1.617.2,64.3-74.2%,0.693985224
10-Jul-21,VOC,weighted,6,B.1.617.2,77.4-85.8%,0.81900686
17-Jul-21,VOC,weighted,6,B.1.617.2,80.8-88.5%,0.849431217
24-Jul-21,VOC,weighted,6,B.1.617.2,91.8-96.1%,0.942043722
31-Jul-21,VOC,weighted,6,B.1.617.2,95.9-97.3%,0.966629922
7-Aug-21,VOC,weighted,6,B.1.617.2,94.3-97.7%,0.96305722
14-Aug-21,VOC,weighted,6,B.1.617.2,98.0-99.0%,0.985903502
21-Aug-21,VOC,weighted,6,B.1.617.2,97.4-99.4%,0.986650646
28-Aug-21,VOC,weighted,6,B.1.617.2,93.8-99.1%,0.973299563
4-Sep-21,VOC,weighted,6,B.1.617.2,97.5-99.7%,0.989214361
11-Sep-21,VOC,weighted,6,B.1.617.2,97.3-99.6%,0.988674283
18-Sep-21,VOC,weighted,6,B.1.617.2,97.1-99.4%,0.985699236
25-Sep-21,VOC,weighted,6,B.1.617.2,97.0-99.7%,0.988200009
2-Oct-21,VOC,weighted,6,B.1.617.2,96.4-99.6%,0.98550266
9-Oct-21,VOC,weighted,6,B.1.617.2,97.5-99.6%,0.988647878
16-Oct-21,VOC,weighted,6,B.1.617.2,95.9-99.5%,0.982910991
23-Oct-21,VOC,weighted,6,B.1.617.2,94.8-99.6%,0.982090592
30-Oct-21,VOC,weighted,6,B.1.617.2,96.4-99.6%,0.9852947
6-Nov-21,VOC,weighted,6,B.1.617.2,93.9-99.3%,0.975558579
13-Nov-21,VOC,weighted,6,B.1.617.2,95.1-99.2%,0.977283478
20-Nov-21,VOC,weighted,6,B.1.617.2,94.7-99.0%,0.974957347
27-Nov-21,VOC,weighted,6,B.1.617.2,96.3-99.6%,0.985263348
4-Dec-21,VOC,weighted,6,B.1.617.2,95.3-99.5%,0.982080936
11-Dec-21,VOC,weighted,6,B.1.617.2,66.7-89.6%,0.798498929
18-Dec-21,VOC,weighted,6,B.1.617.2,18.7-62.4%,0.389440715
8-May-21,VOC,weighted,6,B.1.1.529,NA,0
15-May-21,VOC,weighted,6,B.1.1.529,NA,0
22-May-21,VOC,weighted,6,B.1.1.529,NA,0
29-May-21,VOC,weighted,6,B.1.1.529,NA,0
5-Jun-21,VOC,weighted,6,B.1.1.529,NA,0
12-Jun-21,VOC,weighted,6,B.1.1.529,NA,0
19-Jun-21,VOC,weighted,6,B.1.1.529,NA,0
26-Jun-21,VOC,weighted,6,B.1.1.529,NA,0
3-Jul-21,VOC,weighted,6,B.1.1.529,NA,0
10-Jul-21,VOC,weighted,6,B.1.1.529,NA,0
17-Jul-21,VOC,weighted,6,B.1.1.529,NA,0
24-Jul-21,VOC,weighted,6,B.1.1.529,NA,0
31-Jul-21,VOC,weighted,6,B.1.1.529,NA,0
7-Aug-21,VOC,weighted,6,B.1.1.529,NA,0
14-Aug-21,VOC,weighted,6,B.1.1.529,NA,0
21-Aug-21,VOC,weighted,6,B.1.1.529,NA,0
28-Aug-21,VOC,weighted,6,B.1.1.529,NA,0
4-Sep-21,VOC,weighted,6,B.1.1.529,NA,0
11-Sep-21,VOC,weighted,6,B.1.1.529,NA,0
18-Sep-21,VOC,weighted,6,B.1.1.529,NA,0
25-Sep-21,VOC,weighted,6,B.1.1.529,NA,0
2-Oct-21,VOC,weighted,6,B.1.1.529,NA,0
9-Oct-21,VOC,weighted,6,B.1.1.529,NA,0
16-Oct-21,VOC,weighted,6,B.1.1.529,NA,0
23-Oct-21,VOC,weighted,6,B.1.1.529,NA,0
30-Oct-21,VOC,weighted,6,B.1.1.529,NA,0
6-Nov-21,VOC,weighted,6,B.1.1.529,NA,0
13-Nov-21,VOC,weighted,6,B.1.1.529,NA,0
20-Nov-21,VOC,weighted,6,B.1.1.529,NA,0
27-Nov-21,VOC,weighted,6,B.1.1.529,NA,0
4-Dec-21,VOC,weighted,6,B.1.1.529,0.4-4.1%,0.01552888
11-Dec-21,VOC,weighted,6,B.1.1.529,10.3-33.3%,0.200091079
18-Dec-21,VOC,weighted,6,B.1.1.529,37.2-80.8%,0.60563457
8-May-21,VOC,weighted,7,B.1.617.2,0.1-2.7%,0.006480627
15-May-21,VOC,weighted,7,B.1.617.2,0.7-7.3%,0.027696716
22-May-21,VOC,weighted,7,B.1.617.2,5.4-30.2%,0.148650855
29-May-21,VOC,weighted,7,B.1.617.2,7.8-47.1%,0.234056711
5-Jun-21,VOC,weighted,7,B.1.617.2,31.5-61.8%,0.46402207
12-Jun-21,VOC,weighted,7,B.1.617.2,62.6-79.9%,0.718424559
19-Jun-21,VOC,weighted,7,B.1.617.2,63.0-89.8%,0.785436094
26-Jun-21,VOC,weighted,7,B.1.617.2,73.1-96.1%,0.878114104
3-Jul-21,VOC,weighted,7,B.1.617.2,86.0-98.2%,0.940463841
10-Jul-21,VOC,weighted,7,B.1.617.2,92.7-97.7%,0.956955492
17-Jul-21,VOC,weighted,7,B.1.617.2,92.7-98.8%,0.966072738
24-Jul-21,VOC,weighted,7,B.1.617.2,96.2-99.0%,0.979028046
31-Jul-21,VOC,weighted,7,B.1.617.2,95.4-99.0%,0.976580739
7-Aug-21,VOC,weighted,7,B.1.617.2,93.8-99.6%,0.979191065
14-Aug-21,VOC,weighted,7,B.1.617.2,99.0-100.0%,0.998428285
21-Aug-21,VOC,weighted,7,B.1.617.2,96.3-99.8%,0.989026845
28-Aug-21,VOC,weighted,7,B.1.617.2,96.5-99.5%,0.984875977
4-Sep-21,VOC,weighted,7,B.1.617.2,98.6-99.9%,0.994645417
11-Sep-21,VOC,weighted,7,B.1.617.2,98.1-99.7%,0.991090119
18-Sep-21,VOC,weighted,7,B.1.617.2,98.6-99.9%,0.9954229
25-Sep-21,VOC,weighted,7,B.1.617.2,96.6-99.8%,0.989752233
2-Oct-21,VOC,weighted,7,B.1.617.2,98.6-99.9%,0.995423079
9-Oct-21,VOC,weighted,7,B.1.617.2,98.5-99.9%,0.994303167
16-Oct-21,VOC,weighted,7,B.1.617.2,97.4-99.9%,0.993001103
23-Oct-21,VOC,weighted,7,B.1.617.2,96.8-99.6%,0.987064421
30-Oct-21,VOC,weighted,7,B.1.617.2,98.9-99.9%,0.9956339
6-Nov-21,VOC,weighted,7,B.1.617.2,97.5-99.6%,0.989142239
13-Nov-21,VOC,weighted,7,B.1.617.2,95.8-99.6%,0.98458308
20-Nov-21,VOC,weighted,7,B.1.617.2,95.7-99.3%,0.980427027
27-Nov-21,VOC,weighted,7,B.1.617.2,96.9-99.7%,0.987851739
4-Dec-21,VOC,weighted,7,B.1.617.2,98.8-100.0%,0.997081637
11-Dec-21,VOC,weighted,7,B.1.617.2,96.7-99.8%,0.989196718
18-Dec-21,VOC,weighted,7,B.1.617.2,80.3-97.0%,0.909827173
8-May-21,VOC,weighted,7,B.1.1.529,NA,0
15-May-21,VOC,weighted,7,B.1.1.529,NA,0
22-May-21,VOC,weighted,7,B.1.1.529,NA,0
29-May-21,VOC,weighted,7,B.1.1.529,NA,0
5-Jun-21,VOC,weighted,7,B.1.1.529,NA,0
12-Jun-21,VOC,weighted,7,B.1.1.529,NA,0
19-Jun-21,VOC,weighted,7,B.1.1.529,NA,0
26-Jun-21,VOC,weighted,7,B.1.1.529,NA,0
3-Jul-21,VOC,weighted,7,B.1.1.529,NA,0
10-Jul-21,VOC,weighted,7,B.1.1.529,NA,0
17-Jul-21,VOC,weighted,7,B.1.1.529,NA,0
24-Jul-21,VOC,weighted,7,B.1.1.529,NA,0
31-Jul-21,VOC,weighted,7,B.1.1.529,NA,0
7-Aug-21,VOC,weighted,7,B.1.1.529,NA,0
14-Aug-21,VOC,weighted,7,B.1.1.529,NA,0
21-Aug-21,VOC,weighted,7,B.1.1.529,NA,0
28-Aug-21,VOC,weighted,7,B.1.1.529,NA,0
4-Sep-21,VOC,weighted,7,B.1.1.529,NA,0
11-Sep-21,VOC,weighted,7,B.1.1.529,NA,0
18-Sep-21,VOC,weighted,7,B.1.1.529,NA,0
25-Sep-21,VOC,weighted,7,B.1.1.529,NA,0
2-Oct-21,VOC,weighted,7,B.1.1.529,NA,0
9-Oct-21,VOC,weighted,7,B.1.1.529,NA,0
16-Oct-21,VOC,weighted,7,B.1.1.529,NA,0
23-Oct-21,VOC,weighted,7,B.1.1.529,NA,0
30-Oct-21,VOC,weighted,7,B.1.1.529,NA,0
6-Nov-21,VOC,weighted,7,B.1.1.529,NA,0
13-Nov-21,VOC,weighted,7,B.1.1.529,NA,0
20-Nov-21,VOC,weighted,7,B.1.1.529,NA,0
27-Nov-21,VOC,weighted,7,B.1.1.529,0.0-0.7%,0.00125979
4-Dec-21,VOC,weighted,7,B.1.1.529,0.0-0.6%,0.00096414
11-Dec-21,VOC,weighted,7,B.1.1.529,0.2-2.4%,0.008339774
18-Dec-21,VOC,weighted,7,B.1.1.529,2.6-18.4%,0.081298694
8-May-21,VOC,weighted,8,B.1.617.2,1.9-4.9%,0.031482317
15-May-21,VOC,weighted,8,B.1.617.2,4.4-10.9%,0.071675494
22-May-21,VOC,weighted,8,B.1.617.2,6.1-11.1%,0.083641678
29-May-21,VOC,weighted,8,B.1.617.2,16.1-29.3%,0.22189112
5-Jun-21,VOC,weighted,8,B.1.617.2,24.5-42.2%,0.328924954
12-Jun-21,VOC,weighted,8,B.1.617.2,41.4-62.2%,0.518622398
19-Jun-21,VOC,weighted,8,B.1.617.2,47.2-72.9%,0.605545878
26-Jun-21,VOC,weighted,8,B.1.617.2,66.1-86.1%,0.771989048
3-Jul-21,VOC,weighted,8,B.1.617.2,81.2-90.2%,0.861048698
10-Jul-21,VOC,weighted,8,B.1.617.2,83.5-89.9%,0.869112015
17-Jul-21,VOC,weighted,8,B.1.617.2,90.0-95.4%,0.930800438
24-Jul-21,VOC,weighted,8,B.1.617.2,94.8-97.3%,0.961845636
31-Jul-21,VOC,weighted,8,B.1.617.2,95.7-97.8%,0.968908072
7-Aug-21,VOC,weighted,8,B.1.617.2,97.2-99.3%,0.985027134
14-Aug-21,VOC,weighted,8,B.1.617.2,96.7-99.3%,0.983064294
21-Aug-21,VOC,weighted,8,B.1.617.2,99.1-99.9%,0.996780753
28-Aug-21,VOC,weighted,8,B.1.617.2,97.7-99.9%,0.992696226
4-Sep-21,VOC,weighted,8,B.1.617.2,97.6-99.8%,0.991456985
11-Sep-21,VOC,weighted,8,B.1.617.2,98.3-99.9%,0.993906915
18-Sep-21,VOC,weighted,8,B.1.617.2,98.5-99.8%,0.994165301
25-Sep-21,VOC,weighted,8,B.1.617.2,98.6-99.9%,0.994848907
2-Oct-21,VOC,weighted,8,B.1.617.2,99.3-100.0%,0.99795872
9-Oct-21,VOC,weighted,8,B.1.617.2,97.8-99.9%,0.99309355
16-Oct-21,VOC,weighted,8,B.1.617.2,98.8-99.9%,0.995294571
23-Oct-21,VOC,weighted,8,B.1.617.2,98.0-99.9%,0.993560076
30-Oct-21,VOC,weighted,8,B.1.617.2,98.6-100.0%,0.996809304
6-Nov-21,VOC,weighted,8,B.1.617.2,97.3-99.9%,0.993082881
13-Nov-21,VOC,weighted,8,B.1.617.2,96.3-99.9%,0.990408778
20-Nov-21,VOC,weighted,8,B.1.617.2,95.7-99.9%,0.990439653
27-Nov-21,VOC,weighted,8,B.1.617.2,99.0-99.8%,0.994741976
4-Dec-21,VOC,weighted,8,B.1.617.2,99.2-99.8%,0.996083498
11-Dec-21,VOC,weighted,8,B.1.617.2,71.5-99.8%,0.936080039
18-Dec-21,VOC,weighted,8,B.1.617.2,5.2-99.3%,0.628430068
8-May-21,VOC,weighted,8,B.1.1.529,NA,0
15-May-21,VOC,weighted,8,B.1.1.529,NA,0
22-May-21,VOC,weighted,8,B.1.1.529,NA,0
29-May-21,VOC,weighted,8,B.1.1.529,NA,0
5-Jun-21,VOC,weighted,8,B.1.1.529,NA,0
12-Jun-21,VOC,weighted,8,B.1.1.529,NA,0
19-Jun-21,VOC,weighted,8,B.1.1.529,NA,0
26-Jun-21,VOC,weighted,8,B.1.1.529,NA,0
3-Jul-21,VOC,weighted,8,B.1.1.529,NA,0
10-Jul-21,VOC,weighted,8,B.1.1.529,NA,0
17-Jul-21,VOC,weighted,8,B.1.1.529,NA,0
24-Jul-21,VOC,weighted,8,B.1.1.529,NA,0
31-Jul-21,VOC,weighted,8,B.1.1.529,NA,0
7-Aug-21,VOC,weighted,8,B.1.1.529,NA,0
14-Aug-21,VOC,weighted,8,B.1.1.529,NA,0
21-Aug-21,VOC,weighted,8,B.1.1.529,NA,0
28-Aug-21,VOC,weighted,8,B.1.1.529,NA,0
4-Sep-21,VOC,weighted,8,B.1.1.529,NA,0
11-Sep-21,VOC,weighted,8,B.1.1.529,NA,0
18-Sep-21,VOC,weighted,8,B.1.1.529,NA,0
25-Sep-21,VOC,weighted,8,B.1.1.529,NA,0
2-Oct-21,VOC,weighted,8,B.1.1.529,NA,0
9-Oct-21,VOC,weighted,8,B.1.1.529,NA,0
16-Oct-21,VOC,weighted,8,B.1.1.529,NA,0
23-Oct-21,VOC,weighted,8,B.1.1.529,NA,0
30-Oct-21,VOC,weighted,8,B.1.1.529,NA,0
6-Nov-21,VOC,weighted,8,B.1.1.529,NA,0
13-Nov-21,VOC,weighted,8,B.1.1.529,NA,0
20-Nov-21,VOC,weighted,8,B.1.1.529,NA,0
27-Nov-21,VOC,weighted,8,B.1.1.529,0.1-1.0%,0.003596108
4-Dec-21,VOC,weighted,8,B.1.1.529,0.1-0.7%,0.003537783
11-Dec-21,VOC,weighted,8,B.1.1.529,0.2-28.9%,0.061026938
18-Dec-21,VOC,weighted,8,B.1.1.529,0.6-94.9%,0.366986364
8-May-21,VOC,weighted,9,B.1.617.2,1.5-5.3%,0.029952463
15-May-21,VOC,weighted,9,B.1.617.2,2.4-4.9%,0.03514047
22-May-21,VOC,weighted,9,B.1.617.2,2.1-5.9%,0.036401935
29-May-21,VOC,weighted,9,B.1.617.2,8.2-14.9%,0.112408876
5-Jun-21,VOC,weighted,9,B.1.617.2,12.6-30.7%,0.20616965
12-Jun-21,VOC,weighted,9,B.1.617.2,20.8-39.0%,0.292682707
19-Jun-21,VOC,weighted,9,B.1.617.2,38.0-51.7%,0.447871178
26-Jun-21,VOC,weighted,9,B.1.617.2,51.8-68.9%,0.605456173
3-Jul-21,VOC,weighted,9,B.1.617.2,65.3-79.5%,0.728182554
10-Jul-21,VOC,weighted,9,B.1.617.2,80.4-87.4%,0.841791153
17-Jul-21,VOC,weighted,9,B.1.617.2,88.0-91.5%,0.898555815
24-Jul-21,VOC,weighted,9,B.1.617.2,94.0-95.8%,0.949476123
31-Jul-21,VOC,weighted,9,B.1.617.2,95.8-97.4%,0.966330767
7-Aug-21,VOC,weighted,9,B.1.617.2,95.7-98.9%,0.977106094
14-Aug-21,VOC,weighted,9,B.1.617.2,98.5-99.3%,0.989996791
21-Aug-21,VOC,weighted,9,B.1.617.2,98.5-99.6%,0.992131114
28-Aug-21,VOC,weighted,9,B.1.617.2,96.7-99.9%,0.990158439
4-Sep-21,VOC,weighted,9,B.1.617.2,98.0-99.8%,0.99237138
11-Sep-21,VOC,weighted,9,B.1.617.2,99.1-99.8%,0.995881438
18-Sep-21,VOC,weighted,9,B.1.617.2,98.6-99.9%,0.995778739
25-Sep-21,VOC,weighted,9,B.1.617.2,97.5-100.0%,0.994650006
2-Oct-21,VOC,weighted,9,B.1.617.2,98.8-100.0%,0.996849954
9-Oct-21,VOC,weighted,9,B.1.617.2,97.5-99.8%,0.991138101
16-Oct-21,VOC,weighted,9,B.1.617.2,95.2-99.9%,0.987667322
23-Oct-21,VOC,weighted,9,B.1.617.2,96.9-99.9%,0.992672205
30-Oct-21,VOC,weighted,9,B.1.617.2,96.5-99.9%,0.992065668
6-Nov-21,VOC,weighted,9,B.1.617.2,95.4-99.9%,0.98922807
13-Nov-21,VOC,weighted,9,B.1.617.2,95.6-99.9%,0.987819791
20-Nov-21,VOC,weighted,9,B.1.617.2,95.5-99.8%,0.986550987
27-Nov-21,VOC,weighted,9,B.1.617.2,97.5-99.9%,0.99296391
4-Dec-21,VOC,weighted,9,B.1.617.2,99.6-99.9%,0.997815609
11-Dec-21,VOC,weighted,9,B.1.617.2,94.2-97.5%,0.961183906
18-Dec-21,VOC,weighted,9,B.1.617.2,46.7-76.1%,0.622230709
8-May-21,VOC,weighted,9,B.1.1.529,NA,0
15-May-21,VOC,weighted,9,B.1.1.529,NA,0
22-May-21,VOC,weighted,9,B.1.1.529,NA,0
29-May-21,VOC,weighted,9,B.1.1.529,NA,0
5-Jun-21,VOC,weighted,9,B.1.1.529,NA,0
12-Jun-21,VOC,weighted,9,B.1.1.529,NA,0
19-Jun-21,VOC,weighted,9,B.1.1.529,NA,0
26-Jun-21,VOC,weighted,9,B.1.1.529,NA,0
3-Jul-21,VOC,weighted,9,B.1.1.529,NA,0
10-Jul-21,VOC,weighted,9,B.1.1.529,NA,0
17-Jul-21,VOC,weighted,9,B.1.1.529,NA,0
24-Jul-21,VOC,weighted,9,B.1.1.529,NA,0
31-Jul-21,VOC,weighted,9,B.1.1.529,NA,0
7-Aug-21,VOC,weighted,9,B.1.1.529,NA,0
14-Aug-21,VOC,weighted,9,B.1.1.529,NA,0
21-Aug-21,VOC,weighted,9,B.1.1.529,NA,0
28-Aug-21,VOC,weighted,9,B.1.1.529,NA,0
4-Sep-21,VOC,weighted,9,B.1.1.529,NA,0
11-Sep-21,VOC,weighted,9,B.1.1.529,NA,0
18-Sep-21,VOC,weighted,9,B.1.1.529,NA,0
25-Sep-21,VOC,weighted,9,B.1.1.529,NA,0
2-Oct-21,VOC,weighted,9,B.1.1.529,NA,0
9-Oct-21,VOC,weighted,9,B.1.1.529,NA,0
16-Oct-21,VOC,weighted,9,B.1.1.529,NA,0
23-Oct-21,VOC,weighted,9,B.1.1.529,NA,0
30-Oct-21,VOC,weighted,9,B.1.1.529,NA,0
6-Nov-21,VOC,weighted,9,B.1.1.529,NA,0
13-Nov-21,VOC,weighted,9,B.1.1.529,NA,0
20-Nov-21,VOC,weighted,9,B.1.1.529,NA,0
27-Nov-21,VOC,weighted,9,B.1.1.529,0.0-0.1%,0.000169782
4-Dec-21,VOC,weighted,9,B.1.1.529,0.1-0.3%,0.00160647
11-Dec-21,VOC,weighted,9,B.1.1.529,2.4-5.6%,0.037719794
18-Dec-21,VOC,weighted,9,B.1.1.529,23.4-53.5%,0.375931531
8-May-21,VOC,weighted,10,B.1.617.2,0.3-4.6%,0.015085923
15-May-21,VOC,weighted,10,B.1.617.2,0.4-6.1%,0.021196859
22-May-21,VOC,weighted,10,B.1.617.2,0.7-7.8%,0.029772263
29-May-21,VOC,weighted,10,B.1.617.2,2.2-7.8%,0.044257052
5-Jun-21,VOC,weighted,10,B.1.617.2,4.4-16.3%,0.091257654
12-Jun-21,VOC,weighted,10,B.1.617.2,4.6-27.4%,0.131636709
19-Jun-21,VOC,weighted,10,B.1.617.2,10.2-32.8%,0.197605789
26-Jun-21,VOC,weighted,10,B.1.617.2,17.5-55.5%,0.347306788
3-Jul-21,VOC,weighted,10,B.1.617.2,43.0-65.5%,0.544361234
10-Jul-21,VOC,weighted,10,B.1.617.2,64.7-83.7%,0.75081706
17-Jul-21,VOC,weighted,10,B.1.617.2,79.8-90.9%,0.860393584
24-Jul-21,VOC,weighted,10,B.1.617.2,90.7-93.8%,0.923428655
31-Jul-21,VOC,weighted,10,B.1.617.2,94.9-97.2%,0.961815894
7-Aug-21,VOC,weighted,10,B.1.617.2,96.7-98.4%,0.976835549
14-Aug-21,VOC,weighted,10,B.1.617.2,98.5-99.3%,0.989024222
21-Aug-21,VOC,weighted,10,B.1.617.2,98.8-99.4%,0.991253674
28-Aug-21,VOC,weighted,10,B.1.617.2,98.8-99.8%,0.994304836
4-Sep-21,VOC,weighted,10,B.1.617.2,99.6-100.0%,0.998586237
11-Sep-21,VOC,weighted,10,B.1.617.2,98.8-99.8%,0.995035827
18-Sep-21,VOC,weighted,10,B.1.617.2,98.7-99.9%,0.99485755
25-Sep-21,VOC,weighted,10,B.1.617.2,99.4-100.0%,0.997967064
2-Oct-21,VOC,weighted,10,B.1.617.2,99.2-99.9%,0.996869743
9-Oct-21,VOC,weighted,10,B.1.617.2,98.7-99.9%,0.995363593
16-Oct-21,VOC,weighted,10,B.1.617.2,98.7-99.9%,0.995938659
23-Oct-21,VOC,weighted,10,B.1.617.2,98.6-100.0%,0.996772349
30-Oct-21,VOC,weighted,10,B.1.617.2,98.5-99.9%,0.994818032
6-Nov-21,VOC,weighted,10,B.1.617.2,99.5-100.0%,0.99865675
13-Nov-21,VOC,weighted,10,B.1.617.2,97.1-99.9%,0.992267966
20-Nov-21,VOC,weighted,10,B.1.617.2,97.9-99.9%,0.992979109
27-Nov-21,VOC,weighted,10,B.1.617.2,98.1-100.0%,0.996745646
4-Dec-21,VOC,weighted,10,B.1.617.2,99.6-100.0%,0.999351382
11-Dec-21,VOC,weighted,10,B.1.617.2,75.6-97.2%,0.897154808
18-Dec-21,VOC,weighted,10,B.1.617.2,38.5-75.7%,0.578913093
8-May-21,VOC,weighted,10,B.1.1.529,NA,0
15-May-21,VOC,weighted,10,B.1.1.529,NA,0
22-May-21,VOC,weighted,10,B.1.1.529,NA,0
29-May-21,VOC,weighted,10,B.1.1.529,NA,0
5-Jun-21,VOC,weighted,10,B.1.1.529,NA,0
12-Jun-21,VOC,weighted,10,B.1.1.529,NA,0
19-Jun-21,VOC,weighted,10,B.1.1.529,NA,0
26-Jun-21,VOC,weighted,10,B.1.1.529,NA,0
3-Jul-21,VOC,weighted,10,B.1.1.529,NA,0
10-Jul-21,VOC,weighted,10,B.1.1.529,NA,0
17-Jul-21,VOC,weighted,10,B.1.1.529,NA,0
24-Jul-21,VOC,weighted,10,B.1.1.529,NA,0
31-Jul-21,VOC,weighted,10,B.1.1.529,NA,0
7-Aug-21,VOC,weighted,10,B.1.1.529,NA,0
14-Aug-21,VOC,weighted,10,B.1.1.529,NA,0
21-Aug-21,VOC,weighted,10,B.1.1.529,NA,0
28-Aug-21,VOC,weighted,10,B.1.1.529,NA,0
4-Sep-21,VOC,weighted,10,B.1.1.529,NA,0
11-Sep-21,VOC,weighted,10,B.1.1.529,NA,0
18-Sep-21,VOC,weighted,10,B.1.1.529,NA,0
25-Sep-21,VOC,weighted,10,B.1.1.529,NA,0
2-Oct-21,VOC,weighted,10,B.1.1.529,NA,0
9-Oct-21,VOC,weighted,10,B.1.1.529,NA,0
16-Oct-21,VOC,weighted,10,B.1.1.529,NA,0
23-Oct-21,VOC,weighted,10,B.1.1.529,NA,0
30-Oct-21,VOC,weighted,10,B.1.1.529,NA,0
6-Nov-21,VOC,weighted,10,B.1.1.529,NA,0
13-Nov-21,VOC,weighted,10,B.1.1.529,NA,0
20-Nov-21,VOC,weighted,10,B.1.1.529,NA,0
27-Nov-21,VOC,weighted,10,B.1.1.529,NA,0
4-Dec-21,VOC,weighted,10,B.1.1.529,NA,0
11-Dec-21,VOC,weighted,10,B.1.1.529,2.8-24.4%,0.10284517
18-Dec-21,VOC,weighted,10,B.1.1.529,23.3-61.5%,0.414338648
25-Dec-21,VOC,smoothed,USA,B.1.617.2,17.5-29.0%,0.227843031
1-Jan-22,VOC,smoothed,USA,B.1.617.2,2.9-7.0%,0.045949478
25-Dec-21,VOC,smoothed,USA,B.1.1.529,70.8-82.3%,0.770369947
1-Jan-22,VOC,smoothed,USA,B.1.1.529,92.9-97.0%,0.953696966
25-Dec-21,VOC,smoothed,1,B.1.617.2,47.3-67.6%,0.577788353
1-Jan-22,VOC,smoothed,1,B.1.617.2,10.7-27.3%,0.175650477
25-Dec-21,VOC,smoothed,1,B.1.1.529,32.1-52.5%,0.419414967
1-Jan-22,VOC,smoothed,1,B.1.1.529,72.6-89.3%,0.823506534
25-Dec-21,VOC,smoothed,2,B.1.617.2,5.9-20.8%,0.115471371
1-Jan-22,VOC,smoothed,2,B.1.617.2,0.9-4.3%,0.019832205
25-Dec-21,VOC,smoothed,2,B.1.1.529,79.0-94.0%,0.883444846
1-Jan-22,VOC,smoothed,2,B.1.1.529,95.7-99.1%,0.979983211
25-Dec-21,VOC,smoothed,3,B.1.617.2,18.6-43.7%,0.297576249
1-Jan-22,VOC,smoothed,3,B.1.617.2,3.0-11.9%,0.061674956
25-Dec-21,VOC,smoothed,3,B.1.1.529,56.1-81.3%,0.700707734
1-Jan-22,VOC,smoothed,3,B.1.1.529,88.1-97.0%,0.937972426
25-Dec-21,VOC,smoothed,4,B.1.617.2,7.0-26.0%,0.142212033
1-Jan-22,VOC,smoothed,4,B.1.617.2,1.0-5.7%,0.025065156
25-Dec-21,VOC,smoothed,4,B.1.1.529,73.8-92.9%,0.856200278
1-Jan-22,VOC,smoothed,4,B.1.1.529,94.2-99.0%,0.974657357
25-Dec-21,VOC,smoothed,5,B.1.617.2,17.1-47.0%,0.301290035
1-Jan-22,VOC,smoothed,5,B.1.617.2,2.7-13.2%,0.062767409
25-Dec-21,VOC,smoothed,5,B.1.1.529,52.7-82.7%,0.696164131
1-Jan-22,VOC,smoothed,5,B.1.1.529,86.7-97.3%,0.936706722
25-Dec-21,VOC,smoothed,6,B.1.617.2,3.7-24.1%,0.104328081
1-Jan-22,VOC,smoothed,6,B.1.617.2,0.5-5.2%,0.017738704
25-Dec-21,VOC,smoothed,6,B.1.1.529,75.6-96.2%,0.894247293
1-Jan-22,VOC,smoothed,6,B.1.1.529,94.7-99.5%,0.982021153
25-Dec-21,VOC,smoothed,7,B.1.617.2,44.9-81.0%,0.648566484
1-Jan-22,VOC,smoothed,7,B.1.617.2,10.2-41.3%,0.224394068
25-Dec-21,VOC,smoothed,7,B.1.1.529,18.8-54.4%,0.346301883
1-Jan-22,VOC,smoothed,7,B.1.1.529,58.5-89.7%,0.773845494
25-Dec-21,VOC,smoothed,8,B.1.617.2,3.3-65.9%,0.236750737
1-Jan-22,VOC,smoothed,8,B.1.617.2,0.4-22.1%,0.04589124
25-Dec-21,VOC,smoothed,8,B.1.1.529,33.7-96.7%,0.761901736
1-Jan-22,VOC,smoothed,8,B.1.1.529,77.8-99.6%,0.953849792
25-Dec-21,VOC,smoothed,9,B.1.617.2,19.3-32.1%,0.251637936
1-Jan-22,VOC,smoothed,9,B.1.617.2,3.2-7.6%,0.049577966
25-Dec-21,VOC,smoothed,9,B.1.1.529,67.6-80.7%,0.746632576
1-Jan-22,VOC,smoothed,9,B.1.1.529,92.3-96.8%,0.950084209
25-Dec-21,VOC,smoothed,10,B.1.617.2,7.0-57.6%,0.255555451
1-Jan-22,VOC,smoothed,10,B.1.617.2,1.0-17.4%,0.050526649
25-Dec-21,VOC,smoothed,10,B.1.1.529,42.2-93.0%,0.74337703
1-Jan-22,VOC,smoothed,10,B.1.1.529,82.5-99.0%,0.94926405
8-May-21,Other,weighted,USA,Other*,98.0-98.7%,0.983424366
15-May-21,Other,weighted,USA,Other*,97.0-98.1%,0.976055682
22-May-21,Other,weighted,USA,Other*,95.1-96.9%,0.960347235
29-May-21,Other,weighted,USA,Other*,90.8-94.2%,0.926048696
5-Jun-21,Other,weighted,USA,Other*,81.6-88.5%,0.853005946
12-Jun-21,Other,weighted,USA,Other*,69.3-78.0%,0.738007247
19-Jun-21,Other,weighted,USA,Other*,57.4-67.3%,0.624617755
26-Jun-21,Other,weighted,USA,Other*,40.3-49.9%,0.450483203
3-Jul-21,Other,weighted,USA,Other*,26.8-32.8%,0.297501028
10-Jul-21,Other,weighted,USA,Other*,15.9-19.8%,0.177871302
17-Jul-21,Other,weighted,USA,Other*,10.4-13.5%,0.118938684
24-Jul-21,Other,weighted,USA,Other*,4.9-6.2%,0.055128958
31-Jul-21,Other,weighted,USA,Other*,2.9-4.1%,0.034365788
7-Aug-21,Other,weighted,USA,Other*,2.1-3.6%,0.027884074
14-Aug-21,Other,weighted,USA,Other*,0.9-1.5%,0.012069375
21-Aug-21,Other,weighted,USA,Other*,0.7-1.4%,0.010405215
28-Aug-21,Other,weighted,USA,Other*,0.9-2.2%,0.014462233
4-Sep-21,Other,weighted,USA,Other*,0.5-1.2%,0.00804198
11-Sep-21,Other,weighted,USA,Other*,0.4-1.0%,0.006904112
18-Sep-21,Other,weighted,USA,Other*,0.5-1.2%,0.008306078
25-Sep-21,Other,weighted,USA,Other*,0.5-1.1%,0.007305912
2-Oct-21,Other,weighted,USA,Other*,0.5-1.1%,0.00720788
9-Oct-21,Other,weighted,USA,Other*,0.6-1.1%,0.007972967
16-Oct-21,Other,weighted,USA,Other*,0.5-1.2%,0.008041032
23-Oct-21,Other,weighted,USA,Other*,0.6-1.4%,0.009529907
30-Oct-21,Other,weighted,USA,Other*,0.5-1.1%,0.007533389
6-Nov-21,Other,weighted,USA,Other*,0.9-1.9%,0.012862731
13-Nov-21,Other,weighted,USA,Other*,0.9-1.9%,0.013726715
20-Nov-21,Other,weighted,USA,Other*,1.1-2.2%,0.016012691
27-Nov-21,Other,weighted,USA,Other*,0.6-1.3%,0.00874442
4-Dec-21,Other,weighted,USA,Other*,0.1-0.3%,0.001975407
11-Dec-21,Other,weighted,USA,Other*,0.2-0.5%,0.002851092
18-Dec-21,Other,weighted,USA,Other*,0.4-0.8%,0.005615212
8-May-21,Other,weighted,1,Other*,97.9-98.9%,0.984785616
15-May-21,Other,weighted,1,Other*,96.1-98.6%,0.975628793
22-May-21,Other,weighted,1,Other*,93.5-97.0%,0.954996526
29-May-21,Other,weighted,1,Other*,90.7-95.9%,0.936568797
5-Jun-21,Other,weighted,1,Other*,86.3-96.2%,0.922578216
12-Jun-21,Other,weighted,1,Other*,91.6-97.2%,0.948786616
19-Jun-21,Other,weighted,1,Other*,69.0-82.6%,0.762764096
26-Jun-21,Other,weighted,1,Other*,53.9-74.2%,0.645172358
3-Jul-21,Other,weighted,1,Other*,41.2-58.0%,0.496036679
10-Jul-21,Other,weighted,1,Other*,16.7-27.7%,0.218213484
17-Jul-21,Other,weighted,1,Other*,6.2-10.7%,0.082278498
24-Jul-21,Other,weighted,1,Other*,3.0-5.8%,0.042361163
31-Jul-21,Other,weighted,1,Other*,3.0-5.2%,0.039806962
7-Aug-21,Other,weighted,1,Other*,1.7-3.2%,0.023389043
14-Aug-21,Other,weighted,1,Other*,0.9-2.2%,0.014332226
21-Aug-21,Other,weighted,1,Other*,0.6-2.2%,0.012564878
28-Aug-21,Other,weighted,1,Other*,0.3-1.6%,0.008004903
4-Sep-21,Other,weighted,1,Other*,0.1-0.9%,0.003899463
11-Sep-21,Other,weighted,1,Other*,0.1-0.3%,0.001736535
18-Sep-21,Other,weighted,1,Other*,0.0-0.4%,0.001458029
25-Sep-21,Other,weighted,1,Other*,0.0-1.2%,0.002950233
2-Oct-21,Other,weighted,1,Other*,0.0-0.8%,0.002475973
9-Oct-21,Other,weighted,1,Other*,0.0-1.2%,0.002873541
16-Oct-21,Other,weighted,1,Other*,0.0-0.7%,0.002272697
23-Oct-21,Other,weighted,1,Other*,0.0-1.6%,0.003636116
30-Oct-21,Other,weighted,1,Other*,0.1-2.1%,0.006419799
6-Nov-21,Other,weighted,1,Other*,0.0-1.1%,0.00285321
13-Nov-21,Other,weighted,1,Other*,0.1-2.3%,0.00718494
20-Nov-21,Other,weighted,1,Other*,0.1-2.5%,0.007573157
27-Nov-21,Other,weighted,1,Other*,0.1-1.6%,0.004810433
4-Dec-21,Other,weighted,1,Other*,0.0-0.4%,0.000812216
11-Dec-21,Other,weighted,1,Other*,0.0-0.3%,0.000936654
18-Dec-21,Other,weighted,1,Other*,0.3-1.5%,0.007211196
8-May-21,Other,weighted,2,Other*,96.7-99.1%,0.981577456
15-May-21,Other,weighted,2,Other*,94.1-98.5%,0.967741549
22-May-21,Other,weighted,2,Other*,91.7-98.7%,0.962508917
29-May-21,Other,weighted,2,Other*,83.1-98.2%,0.931531072
5-Jun-21,Other,weighted,2,Other*,71.4-94.7%,0.858093441
12-Jun-21,Other,weighted,2,Other*,64.0-80.1%,0.726036131
19-Jun-21,Other,weighted,2,Other*,51.4-71.1%,0.615729034
26-Jun-21,Other,weighted,2,Other*,28.8-57.7%,0.428176612
3-Jul-21,Other,weighted,2,Other*,19.5-39.0%,0.285183311
10-Jul-21,Other,weighted,2,Other*,9.7-29.1%,0.179350272
17-Jul-21,Other,weighted,2,Other*,9.9-18.8%,0.139155343
24-Jul-21,Other,weighted,2,Other*,3.9-6.1%,0.048825443
31-Jul-21,Other,weighted,2,Other*,1.7-4.6%,0.029235307
7-Aug-21,Other,weighted,2,Other*,1.4-3.2%,0.021444054
14-Aug-21,Other,weighted,2,Other*,0.4-1.8%,0.009253358
21-Aug-21,Other,weighted,2,Other*,0.3-1.1%,0.00610847
28-Aug-21,Other,weighted,2,Other*,0.5-4.5%,0.018424412
4-Sep-21,Other,weighted,2,Other*,0.3-2.7%,0.010915777
11-Sep-21,Other,weighted,2,Other*,0.1-0.7%,0.002818525
18-Sep-21,Other,weighted,2,Other*,0.1-2.9%,0.00864511
25-Sep-21,Other,weighted,2,Other*,0.1-0.7%,0.003108568
2-Oct-21,Other,weighted,2,Other*,0.2-2.7%,0.009363032
9-Oct-21,Other,weighted,2,Other*,0.1-2.1%,0.006936025
16-Oct-21,Other,weighted,2,Other*,0.1-0.8%,0.003412252
23-Oct-21,Other,weighted,2,Other*,0.1-1.9%,0.006025383
30-Oct-21,Other,weighted,2,Other*,0.1-2.1%,0.006516837
6-Nov-21,Other,weighted,2,Other*,0.4-4.2%,0.016630428
13-Nov-21,Other,weighted,2,Other*,0.4-3.3%,0.013827362
20-Nov-21,Other,weighted,2,Other*,0.6-4.9%,0.019955082
27-Nov-21,Other,weighted,2,Other*,0.4-4.5%,0.016516369
4-Dec-21,Other,weighted,2,Other*,0.0-1.0%,0.002928566
11-Dec-21,Other,weighted,2,Other*,0.6-1.6%,0.010077376
18-Dec-21,Other,weighted,2,Other*,0.2-1.3%,0.005204871
8-May-21,Other,weighted,3,Other*,98.7-99.7%,0.993181467
15-May-21,Other,weighted,3,Other*,98.0-99.6%,0.98985523
22-May-21,Other,weighted,3,Other*,96.3-98.8%,0.978294671
29-May-21,Other,weighted,3,Other*,95.6-99.0%,0.977080703
5-Jun-21,Other,weighted,3,Other*,90.9-97.0%,0.945128202
12-Jun-21,Other,weighted,3,Other*,86.2-95.4%,0.916481256
19-Jun-21,Other,weighted,3,Other*,74.3-90.5%,0.835397482
26-Jun-21,Other,weighted,3,Other*,25.7-77.6%,0.520243049
3-Jul-21,Other,weighted,3,Other*,31.5-49.7%,0.403365731
10-Jul-21,Other,weighted,3,Other*,22.7-38.1%,0.299795628
17-Jul-21,Other,weighted,3,Other*,11.6-19.9%,0.154254749
24-Jul-21,Other,weighted,3,Other*,4.7-9.5%,0.068077832
31-Jul-21,Other,weighted,3,Other*,1.7-3.0%,0.022917395
7-Aug-21,Other,weighted,3,Other*,1.0-2.8%,0.016938472
14-Aug-21,Other,weighted,3,Other*,0.5-1.5%,0.009219051
21-Aug-21,Other,weighted,3,Other*,0.2-1.2%,0.005916572
28-Aug-21,Other,weighted,3,Other*,0.3-1.3%,0.006363736
4-Sep-21,Other,weighted,3,Other*,0.1-0.7%,0.00292657
11-Sep-21,Other,weighted,3,Other*,0.1-0.5%,0.002624688
18-Sep-21,Other,weighted,3,Other*,0.1-0.7%,0.002966321
25-Sep-21,Other,weighted,3,Other*,0.2-1.3%,0.005118853
2-Oct-21,Other,weighted,3,Other*,0.1-1.3%,0.004929608
9-Oct-21,Other,weighted,3,Other*,0.2-1.3%,0.005336745
16-Oct-21,Other,weighted,3,Other*,0.2-1.4%,0.00641795
23-Oct-21,Other,weighted,3,Other*,0.2-1.9%,0.007340481
30-Oct-21,Other,weighted,3,Other*,0.1-1.3%,0.005215948
6-Nov-21,Other,weighted,3,Other*,0.4-3.7%,0.014151734
13-Nov-21,Other,weighted,3,Other*,0.3-2.6%,0.010323958
20-Nov-21,Other,weighted,3,Other*,0.4-3.7%,0.014141465
27-Nov-21,Other,weighted,3,Other*,0.1-3.3%,0.009851139
4-Dec-21,Other,weighted,3,Other*,0.1-0.9%,0.002999454
11-Dec-21,Other,weighted,3,Other*,0.0-0.5%,0.001782943
18-Dec-21,Other,weighted,3,Other*,0.1-1.6%,0.004709471
8-May-21,Other,weighted,4,Other*,97.3-98.9%,0.982099771
15-May-21,Other,weighted,4,Other*,97.3-99.4%,0.986342549
22-May-21,Other,weighted,4,Other*,96.5-98.8%,0.978461325
29-May-21,Other,weighted,4,Other*,95.4-98.3%,0.971223772
5-Jun-21,Other,weighted,4,Other*,91.1-96.2%,0.94038862
12-Jun-21,Other,weighted,4,Other*,78.6-87.7%,0.835257351
19-Jun-21,Other,weighted,4,Other*,70.1-78.8%,0.746152043
26-Jun-21,Other,weighted,4,Other*,52.9-61.7%,0.573736429
3-Jul-21,Other,weighted,4,Other*,30.9-41.1%,0.359028995
10-Jul-21,Other,weighted,4,Other*,17.8-25.9%,0.21652922
17-Jul-21,Other,weighted,4,Other*,10.4-16.8%,0.133729026
24-Jul-21,Other,weighted,4,Other*,5.0-7.8%,0.062970877
31-Jul-21,Other,weighted,4,Other*,2.8-5.7%,0.040257849
7-Aug-21,Other,weighted,4,Other*,2.1-5.2%,0.034106877
14-Aug-21,Other,weighted,4,Other*,0.9-2.4%,0.015003823
21-Aug-21,Other,weighted,4,Other*,0.6-2.5%,0.013520576
28-Aug-21,Other,weighted,4,Other*,0.7-2.9%,0.015215995
4-Sep-21,Other,weighted,4,Other*,0.5-2.0%,0.010726071
11-Sep-21,Other,weighted,4,Other*,0.4-1.8%,0.009008614
18-Sep-21,Other,weighted,4,Other*,0.6-2.3%,0.012408475
25-Sep-21,Other,weighted,4,Other*,0.6-1.9%,0.011456835
2-Oct-21,Other,weighted,4,Other*,0.5-1.8%,0.010091827
9-Oct-21,Other,weighted,4,Other*,0.6-2.0%,0.011911777
16-Oct-21,Other,weighted,4,Other*,0.3-2.0%,0.008920843
23-Oct-21,Other,weighted,4,Other*,0.7-3.1%,0.015797088
30-Oct-21,Other,weighted,4,Other*,0.5-2.5%,0.012569175
6-Nov-21,Other,weighted,4,Other*,1.1-4.1%,0.022682769
13-Nov-21,Other,weighted,4,Other*,0.9-3.2%,0.017943064
20-Nov-21,Other,weighted,4,Other*,0.9-4.1%,0.020792104
27-Nov-21,Other,weighted,4,Other*,0.4-2.1%,0.00973999
4-Dec-21,Other,weighted,4,Other*,0.0-1.3%,0.003523551
11-Dec-21,Other,weighted,4,Other*,0.0-0.3%,0.000669917
18-Dec-21,Other,weighted,4,Other*,0.2-1.2%,0.005380442
8-May-21,Other,weighted,5,Other*,98.5-99.4%,0.990641177
15-May-21,Other,weighted,5,Other*,97.3-99.1%,0.983468235
22-May-21,Other,weighted,5,Other*,95.2-98.5%,0.971780479
29-May-21,Other,weighted,5,Other*,91.0-97.3%,0.948065341
5-Jun-21,Other,weighted,5,Other*,83.5-95.4%,0.906255662
12-Jun-21,Other,weighted,5,Other*,75.7-85.8%,0.811544001
19-Jun-21,Other,weighted,5,Other*,59.0-77.2%,0.685990512
26-Jun-21,Other,weighted,5,Other*,39.2-59.3%,0.492262274
3-Jul-21,Other,weighted,5,Other*,27.3-39.2%,0.330732524
10-Jul-21,Other,weighted,5,Other*,11.2-17.1%,0.139523461
17-Jul-21,Other,weighted,5,Other*,7.5-13.8%,0.103014179
24-Jul-21,Other,weighted,5,Other*,3.4-6.7%,0.048307195
31-Jul-21,Other,weighted,5,Other*,2.0-3.4%,0.026145848
7-Aug-21,Other,weighted,5,Other*,1.2-2.6%,0.01788044
14-Aug-21,Other,weighted,5,Other*,0.5-1.4%,0.008366418
21-Aug-21,Other,weighted,5,Other*,0.3-1.5%,0.007264012
28-Aug-21,Other,weighted,5,Other*,0.6-2.4%,0.013001296
4-Sep-21,Other,weighted,5,Other*,0.3-1.2%,0.00637102
11-Sep-21,Other,weighted,5,Other*,0.3-1.2%,0.006882932
18-Sep-21,Other,weighted,5,Other*,0.4-1.4%,0.007771414
25-Sep-21,Other,weighted,5,Other*,0.3-1.2%,0.005988697
2-Oct-21,Other,weighted,5,Other*,0.5-1.3%,0.008170195
9-Oct-21,Other,weighted,5,Other*,0.4-1.2%,0.007435015
16-Oct-21,Other,weighted,5,Other*,0.3-1.3%,0.007197766
23-Oct-21,Other,weighted,5,Other*,0.5-1.8%,0.009830049
30-Oct-21,Other,weighted,5,Other*,0.3-1.4%,0.006795236
6-Nov-21,Other,weighted,5,Other*,0.6-2.6%,0.01334018
13-Nov-21,Other,weighted,5,Other*,0.7-3.0%,0.0156927
20-Nov-21,Other,weighted,5,Other*,0.9-3.3%,0.017822655
27-Nov-21,Other,weighted,5,Other*,0.2-2.1%,0.008347179
4-Dec-21,Other,weighted,5,Other*,0.1-0.6%,0.002328544
11-Dec-21,Other,weighted,5,Other*,0.1-0.9%,0.003976089
18-Dec-21,Other,weighted,5,Other*,0.5-1.1%,0.008019992
8-May-21,Other,weighted,6,Other*,96.3-98.7%,0.977102399
15-May-21,Other,weighted,6,Other*,95.5-98.3%,0.971198022
22-May-21,Other,weighted,6,Other*,91.8-96.3%,0.943357527
29-May-21,Other,weighted,6,Other*,89.2-94.5%,0.921643496
5-Jun-21,Other,weighted,6,Other*,77.1-85.0%,0.812915087
12-Jun-21,Other,weighted,6,Other*,62.5-78.8%,0.711424351
19-Jun-21,Other,weighted,6,Other*,52.9-70.3%,0.618866384
26-Jun-21,Other,weighted,6,Other*,40.4-51.0%,0.45647496
3-Jul-21,Other,weighted,6,Other*,25.8-35.7%,0.306014746
10-Jul-21,Other,weighted,6,Other*,14.2-22.6%,0.18099314
17-Jul-21,Other,weighted,6,Other*,11.5-19.2%,0.150568813
24-Jul-21,Other,weighted,6,Other*,3.9-8.2%,0.057956304
31-Jul-21,Other,weighted,6,Other*,2.7-4.1%,0.033370078
7-Aug-21,Other,weighted,6,Other*,2.3-5.7%,0.036942769
14-Aug-21,Other,weighted,6,Other*,1.0-2.0%,0.014096526
21-Aug-21,Other,weighted,6,Other*,0.6-2.6%,0.013349334
28-Aug-21,Other,weighted,6,Other*,0.9-6.2%,0.02670043
4-Sep-21,Other,weighted,6,Other*,0.3-2.5%,0.010785647
11-Sep-21,Other,weighted,6,Other*,0.4-2.7%,0.011325746
18-Sep-21,Other,weighted,6,Other*,0.6-2.9%,0.014300747
25-Sep-21,Other,weighted,6,Other*,0.3-3.0%,0.011800017
2-Oct-21,Other,weighted,6,Other*,0.4-3.6%,0.01449734
9-Oct-21,Other,weighted,6,Other*,0.4-2.5%,0.011352111
16-Oct-21,Other,weighted,6,Other*,0.5-4.1%,0.017089017
23-Oct-21,Other,weighted,6,Other*,0.4-5.2%,0.017909393
30-Oct-21,Other,weighted,6,Other*,0.4-3.6%,0.014705318
6-Nov-21,Other,weighted,6,Other*,0.7-6.1%,0.024441445
13-Nov-21,Other,weighted,6,Other*,0.8-4.9%,0.022716541
20-Nov-21,Other,weighted,6,Other*,1.0-5.3%,0.025042627
27-Nov-21,Other,weighted,6,Other*,0.4-3.7%,0.014736657
4-Dec-21,Other,weighted,6,Other*,0.0-0.9%,0.002390177
11-Dec-21,Other,weighted,6,Other*,0.0-0.8%,0.001410005
18-Dec-21,Other,weighted,6,Other*,0.1-1.3%,0.004924695
8-May-21,Other,weighted,7,Other*,97.3-99.9%,0.993519366
15-May-21,Other,weighted,7,Other*,92.7-99.3%,0.972303271
22-May-21,Other,weighted,7,Other*,69.8-94.6%,0.851349115
29-May-21,Other,weighted,7,Other*,52.9-92.2%,0.765943289
5-Jun-21,Other,weighted,7,Other*,38.2-68.5%,0.5359779
12-Jun-21,Other,weighted,7,Other*,20.1-37.4%,0.281575412
19-Jun-21,Other,weighted,7,Other*,10.2-37.0%,0.214563891
26-Jun-21,Other,weighted,7,Other*,3.9-26.9%,0.121885918
3-Jul-21,Other,weighted,7,Other*,1.8-14.0%,0.059536129
10-Jul-21,Other,weighted,7,Other*,2.3-7.3%,0.043044522
17-Jul-21,Other,weighted,7,Other*,1.2-7.3%,0.033927266
24-Jul-21,Other,weighted,7,Other*,1.0-3.8%,0.020971926
31-Jul-21,Other,weighted,7,Other*,1.0-4.6%,0.023419237
7-Aug-21,Other,weighted,7,Other*,0.4-6.2%,0.020808948
14-Aug-21,Other,weighted,7,Other*,0.0-1.0%,0.001571688
21-Aug-21,Other,weighted,7,Other*,0.2-3.7%,0.010973153
28-Aug-21,Other,weighted,7,Other*,0.5-3.5%,0.015124037
4-Sep-21,Other,weighted,7,Other*,0.1-1.4%,0.005354562
11-Sep-21,Other,weighted,7,Other*,0.3-1.9%,0.008909869
18-Sep-21,Other,weighted,7,Other*,0.1-1.4%,0.004577109
25-Sep-21,Other,weighted,7,Other*,0.2-3.4%,0.010247756
2-Oct-21,Other,weighted,7,Other*,0.1-1.4%,0.004576922
9-Oct-21,Other,weighted,7,Other*,0.1-1.5%,0.005696837
16-Oct-21,Other,weighted,7,Other*,0.1-2.6%,0.006998887
23-Oct-21,Other,weighted,7,Other*,0.4-3.2%,0.012935567
30-Oct-21,Other,weighted,7,Other*,0.1-1.1%,0.00436609
6-Nov-21,Other,weighted,7,Other*,0.4-2.5%,0.010857772
13-Nov-21,Other,weighted,7,Other*,0.4-4.2%,0.01541692
20-Nov-21,Other,weighted,7,Other*,0.7-4.3%,0.01957299
27-Nov-21,Other,weighted,7,Other*,0.3-2.8%,0.010888455
4-Dec-21,Other,weighted,7,Other*,0.0-0.7%,0.001954201
11-Dec-21,Other,weighted,7,Other*,0.0-1.1%,0.002463537
18-Dec-21,Other,weighted,7,Other*,0.3-2.0%,0.008874113
8-May-21,Other,weighted,8,Other*,95.1-98.1%,0.968517661
15-May-21,Other,weighted,8,Other*,89.1-95.6%,0.928324521
22-May-21,Other,weighted,8,Other*,88.9-93.9%,0.916358292
29-May-21,Other,weighted,8,Other*,70.7-83.9%,0.778108895
5-Jun-21,Other,weighted,8,Other*,57.8-75.5%,0.671075046
12-Jun-21,Other,weighted,8,Other*,37.8-58.6%,0.481377572
19-Jun-21,Other,weighted,8,Other*,27.1-52.8%,0.394454122
26-Jun-21,Other,weighted,8,Other*,13.9-33.9%,0.228010967
3-Jul-21,Other,weighted,8,Other*,9.8-18.8%,0.138951316
10-Jul-21,Other,weighted,8,Other*,10.1-16.5%,0.130888015
17-Jul-21,Other,weighted,8,Other*,4.6-10.0%,0.06919954
24-Jul-21,Other,weighted,8,Other*,2.7-5.2%,0.038154375
31-Jul-21,Other,weighted,8,Other*,2.2-4.3%,0.031091956
7-Aug-21,Other,weighted,8,Other*,0.7-2.8%,0.014972842
14-Aug-21,Other,weighted,8,Other*,0.7-3.3%,0.016935728
21-Aug-21,Other,weighted,8,Other*,0.1-0.9%,0.003219233
28-Aug-21,Other,weighted,8,Other*,0.1-2.3%,0.007303796
4-Sep-21,Other,weighted,8,Other*,0.2-2.4%,0.008542988
11-Sep-21,Other,weighted,8,Other*,0.1-1.7%,0.006093062
18-Sep-21,Other,weighted,8,Other*,0.2-1.5%,0.005834683
25-Sep-21,Other,weighted,8,Other*,0.1-1.4%,0.005151088
2-Oct-21,Other,weighted,8,Other*,0.0-0.7%,0.002041256
9-Oct-21,Other,weighted,8,Other*,0.1-2.2%,0.006906458
16-Oct-21,Other,weighted,8,Other*,0.1-1.2%,0.004705439
23-Oct-21,Other,weighted,8,Other*,0.1-2.0%,0.00643994
30-Oct-21,Other,weighted,8,Other*,0.0-1.4%,0.003190719
6-Nov-21,Other,weighted,8,Other*,0.1-2.7%,0.006917105
13-Nov-21,Other,weighted,8,Other*,0.1-3.7%,0.00959124
20-Nov-21,Other,weighted,8,Other*,0.1-4.3%,0.009560372
27-Nov-21,Other,weighted,8,Other*,0.0-1.0%,0.001661911
4-Dec-21,Other,weighted,8,Other*,0.0-0.3%,0.000378711
11-Dec-21,Other,weighted,8,Other*,0.1-0.9%,0.00289304
18-Dec-21,Other,weighted,8,Other*,0.0-2.5%,0.004583552
8-May-21,Other,weighted,9,Other*,94.7-98.5%,0.970047534
15-May-21,Other,weighted,9,Other*,95.1-97.6%,0.964859545
22-May-21,Other,weighted,9,Other*,94.1-97.9%,0.963598073
29-May-21,Other,weighted,9,Other*,85.1-91.8%,0.887591124
5-Jun-21,Other,weighted,9,Other*,69.3-87.4%,0.793830335
12-Jun-21,Other,weighted,9,Other*,61.0-79.2%,0.707317293
19-Jun-21,Other,weighted,9,Other*,48.3-62.0%,0.552128851
26-Jun-21,Other,weighted,9,Other*,31.1-48.2%,0.394543856
3-Jul-21,Other,weighted,9,Other*,20.5-34.7%,0.271817446
10-Jul-21,Other,weighted,9,Other*,12.6-19.6%,0.158208862
17-Jul-21,Other,weighted,9,Other*,8.5-12.0%,0.1014442
24-Jul-21,Other,weighted,9,Other*,4.2-6.0%,0.050523873
31-Jul-21,Other,weighted,9,Other*,2.6-4.2%,0.033669252
7-Aug-21,Other,weighted,9,Other*,1.1-4.3%,0.022893878
14-Aug-21,Other,weighted,9,Other*,0.7-1.5%,0.010003231
21-Aug-21,Other,weighted,9,Other*,0.4-1.5%,0.007868893
28-Aug-21,Other,weighted,9,Other*,0.1-3.3%,0.009841553
4-Sep-21,Other,weighted,9,Other*,0.2-2.0%,0.007628625
11-Sep-21,Other,weighted,9,Other*,0.2-0.9%,0.004118544
18-Sep-21,Other,weighted,9,Other*,0.1-1.4%,0.00422124
25-Sep-21,Other,weighted,9,Other*,0.0-2.5%,0.00535
2-Oct-21,Other,weighted,9,Other*,0.0-1.2%,0.003150051
9-Oct-21,Other,weighted,9,Other*,0.2-2.5%,0.008861892
16-Oct-21,Other,weighted,9,Other*,0.1-4.8%,0.012332702
23-Oct-21,Other,weighted,9,Other*,0.1-3.1%,0.007327798
30-Oct-21,Other,weighted,9,Other*,0.1-3.5%,0.007934359
6-Nov-21,Other,weighted,9,Other*,0.1-4.6%,0.010771934
13-Nov-21,Other,weighted,9,Other*,0.1-4.4%,0.012180238
20-Nov-21,Other,weighted,9,Other*,0.2-4.5%,0.013449015
27-Nov-21,Other,weighted,9,Other*,0.1-2.6%,0.006866291
4-Dec-21,Other,weighted,9,Other*,0.0-0.3%,0.00057793
11-Dec-21,Other,weighted,9,Other*,0.0-0.3%,0.001096287
18-Dec-21,Other,weighted,9,Other*,0.0-1.0%,0.001837771
8-May-21,Other,weighted,10,Other*,95.4-99.7%,0.984914064
15-May-21,Other,weighted,10,Other*,93.9-99.6%,0.978803158
22-May-21,Other,weighted,10,Other*,92.2-99.3%,0.970227718
29-May-21,Other,weighted,10,Other*,92.2-97.8%,0.955742955
5-Jun-21,Other,weighted,10,Other*,83.7-95.6%,0.908742368
12-Jun-21,Other,weighted,10,Other*,72.6-95.4%,0.868363261
19-Jun-21,Other,weighted,10,Other*,67.2-89.8%,0.802394211
26-Jun-21,Other,weighted,10,Other*,44.5-82.5%,0.652693212
3-Jul-21,Other,weighted,10,Other*,34.5-57.0%,0.455638736
10-Jul-21,Other,weighted,10,Other*,16.3-35.3%,0.249182954
17-Jul-21,Other,weighted,10,Other*,9.1-20.2%,0.139606401
24-Jul-21,Other,weighted,10,Other*,6.2-9.3%,0.076571338
31-Jul-21,Other,weighted,10,Other*,2.8-5.1%,0.038184136
7-Aug-21,Other,weighted,10,Other*,1.6-3.3%,0.023164459
14-Aug-21,Other,weighted,10,Other*,0.7-1.5%,0.01097575
21-Aug-21,Other,weighted,10,Other*,0.6-1.2%,0.008746333
28-Aug-21,Other,weighted,10,Other*,0.2-1.2%,0.005695186
4-Sep-21,Other,weighted,10,Other*,0.0-0.4%,0.00141374
11-Sep-21,Other,weighted,10,Other*,0.2-1.2%,0.004964144
18-Sep-21,Other,weighted,10,Other*,0.1-1.3%,0.005142426
25-Sep-21,Other,weighted,10,Other*,0.0-0.6%,0.002032939
2-Oct-21,Other,weighted,10,Other*,0.1-0.8%,0.003130264
9-Oct-21,Other,weighted,10,Other*,0.1-1.3%,0.004636413
16-Oct-21,Other,weighted,10,Other*,0.1-1.3%,0.004061339
23-Oct-21,Other,weighted,10,Other*,0.0-1.4%,0.003227642
30-Oct-21,Other,weighted,10,Other*,0.1-1.5%,0.005181972
6-Nov-21,Other,weighted,10,Other*,0.0-0.5%,0.001343246
13-Nov-21,Other,weighted,10,Other*,0.1-2.9%,0.00773206
20-Nov-21,Other,weighted,10,Other*,0.1-2.1%,0.007020881
27-Nov-21,Other,weighted,10,Other*,0.0-1.9%,0.003254383
4-Dec-21,Other,weighted,10,Other*,0.0-0.4%,0.000648606
11-Dec-21,Other,weighted,10,Other*,NA,0
18-Dec-21,Other,weighted,10,Other*,0.2-1.8%,0.006748267
25-Dec-21,Other,smoothed,USA,Other*,0.1-0.3%,0.001787045
1-Jan-22,Other,smoothed,USA,Other*,0.0-0.1%,0.000353572
25-Dec-21,Other,smoothed,1,Other*,0.1-0.6%,0.002796696
1-Jan-22,Other,smoothed,1,Other*,0.0-0.2%,0.000843005
25-Dec-21,Other,smoothed,2,Other*,0.0-0.3%,0.00108378
1-Jan-22,Other,smoothed,2,Other*,0.0-0.1%,0.000184562
25-Dec-21,Other,smoothed,3,Other*,0.1-0.5%,0.00171601
1-Jan-22,Other,smoothed,3,Other*,0.0-0.1%,0.000352643
25-Dec-21,Other,smoothed,4,Other*,0.1-0.3%,0.001587711
1-Jan-22,Other,smoothed,4,Other*,0.0-0.1%,0.000277466
25-Dec-21,Other,smoothed,5,Other*,0.1-0.5%,0.002545834
1-Jan-22,Other,smoothed,5,Other*,0.0-0.1%,0.000525877
25-Dec-21,Other,smoothed,6,Other*,0.0-0.4%,0.0014246
1-Jan-22,Other,smoothed,6,Other*,0.0-0.1%,0.00024017
25-Dec-21,Other,smoothed,7,Other*,0.2-1.1%,0.005131625
1-Jan-22,Other,smoothed,7,Other*,0.1-0.4%,0.00176042
25-Dec-21,Other,smoothed,8,Other*,0.0-0.8%,0.00134755
1-Jan-22,Other,smoothed,8,Other*,0.0-0.2%,0.000258993
25-Dec-21,Other,smoothed,9,Other*,0.0-0.6%,0.001729456
1-Jan-22,Other,smoothed,9,Other*,0.0-0.1%,0.000337852
25-Dec-21,Other,smoothed,10,Other*,0.0-0.4%,0.001067546
1-Jan-22,Other,smoothed,10,Other*,0.0-0.1%,0.000209279
